"Job_id","Job_title","Job_url","Job_company","Job_location","Site_id","Job_complete"
1,"IT Data Scientist - Volm Companies - Antigo, WI","https://www.indeed.com/viewjob?t=IT+Data+Scientist&c=Volm+Companies&l=Antigo,+WI&jk=54dbcd0f853e1e16&rtk=1gpqhcnj9isa8800&from=rss",NA,NA,2593879,-1
2,"Data Mining Analyst - Change Healthcare - West Virginia","https://www.indeed.com/viewjob?t=Data+Mining+Analyst&c=Change+Healthcare&l=West+Virginia&jk=2617849d76f7f69d&rtk=1gpqhcnj9isa8800&from=rss",NA,NA,2593879,-1
3,"ClaimsXten Senior Claims Data Analyst - Change Healthcare - West Virginia","https://www.indeed.com/viewjob?t=Claimsxten+Senior+Claim+Data+Analyst&c=Change+Healthcare&l=West+Virginia&jk=c557d7089e09f672&rtk=1gpqhcnj9isa8800&from=rss",NA,NA,2593879,-1
4,"Senior Financial Data Analyst - Advisor Group - West Virginia","https://www.indeed.com/viewjob?t=Senior+Financial+Data+Analyst&c=Advisor+Group&l=West+Virginia&jk=2b26fc27cbdb6b8a&rtk=1gpqhcnj9isa8800&from=rss",NA,NA,2593879,-1
5,"People Data Scientist - Cardinal Health - West Virginia","https://www.indeed.com/viewjob?t=People+Data+Scientist&c=Cardinal+Health&l=West+Virginia&jk=c1e247cc3397807e&rtk=1gpqhcnj9isa8800&from=rss",NA,NA,2593879,-1
6,"Senior Manager AI Engineering (Artificial Intelligence) - Change Healthcare - West Virginia","https://www.indeed.com/viewjob?t=Senior+Manager+Ai+Engineering&c=Change+Healthcare&l=West+Virginia&jk=cf58258d9c88ccd1&rtk=1gpqhcnj9isa8800&from=rss",NA,NA,2593879,-1
7,"Senior Data Analyst – Claims Editing/CXT Cloud Operations - Change Healthcare - West Virginia","https://www.indeed.com/viewjob?t=Senior+Data+Analyst+Claim+Editing+Cxt+Cloud+Operation&c=Change+Healthcare&l=West+Virginia&jk=da42605681389e81&rtk=1gpqhcnj9isa8800&from=rss",NA,NA,2593879,-1
8,"Director, AI Engineering (Artificial Intelligence) - Change Healthcare - West Virginia","https://www.indeed.com/viewjob?t=Director&c=Change+Healthcare&l=West+Virginia&jk=076e3ee4a966ffa3&rtk=1gpqhcnj9isa8800&from=rss",NA,NA,2593879,-1
9,"Supply Chain Data Scientist - Cardinal Health - West Virginia","https://www.indeed.com/viewjob?t=Supply+Chain+Data+Scientist&c=Cardinal+Health&l=West+Virginia&jk=a1084396e2ccf3b0&rtk=1gpqhcnj9isa8800&from=rss",NA,NA,2593879,-1
10,"Data Scientist - The Best Talent Services, Inc. - Clarksburg, WV","https://www.indeed.com/viewjob?t=Data+Scientist&c=The+Best+Talent+Services&l=Clarksburg,+WV&jk=2cd22467d925eea2&rtk=1gpqhcnj9isa8800&from=rss",NA,NA,2593879,-1
11,"CFD for Advanced Reactor Design: An exploration of machine learning methods - National Energy Technology Laboratory (NETL) - Morgantown, WV","https://www.indeed.com/viewjob?t=Cfd+Advanced+Reactor+Design&c=National+Energy+Technology+Laboratory&l=Morgantown,+WV&jk=395ccd6dc3fb4b87&rtk=1gpqhcnj9isa8800&from=rss",NA,NA,2593879,-1
12,"Data Scientist - WV Clinical & Translational Science Institute - Hybrid - Careers | West Virginia University - Morgantown, WV","https://www.indeed.com/viewjob?t=Data+Scientist&c=Careers+%7C+West+Virginia+University&l=Morgantown,+WV&jk=59d4262cd268891f&rtk=1gpqhcnj9isa8800&from=rss",NA,NA,2593879,-1
13,"(Remote) Data Scientist - Rockefeller Neuroscience Institute - Careers | West Virginia University - Morgantown, WV","https://www.indeed.com/viewjob?t=Data+Scientist&c=Careers+%7C+West+Virginia+University&l=Morgantown,+WV&jk=06e65096698ac9c5&rtk=1gpqhcnj9isa8800&from=rss",NA,NA,2593879,-1
14,"Data Mining Analyst - Change Healthcare - Wyoming","https://www.indeed.com/viewjob?t=Data+Mining+Analyst&c=Change+Healthcare&l=Wyoming&jk=cea3d24ba92dcaeb&rtk=1gpqhcnj9isa8800&from=rss",NA,NA,2593879,-1
15,"ClaimsXten Senior Claims Data Analyst - Change Healthcare - Wyoming","https://www.indeed.com/viewjob?t=Claimsxten+Senior+Claim+Data+Analyst&c=Change+Healthcare&l=Wyoming&jk=916f2e4df5477178&rtk=1gpqhcnj9isa8800&from=rss",NA,NA,2593879,-1
16,"Senior Financial Data Analyst - Advisor Group - Wyoming","https://www.indeed.com/viewjob?t=Senior+Financial+Data+Analyst&c=Advisor+Group&l=Wyoming&jk=26b6aceb9040bcb2&rtk=1gpqhcnj9isa8800&from=rss",NA,NA,2593879,-1
17,"Senior Manager AI Engineering (Artificial Intelligence) - Change Healthcare - Wyoming","https://www.indeed.com/viewjob?t=Senior+Manager+Ai+Engineering&c=Change+Healthcare&l=Wyoming&jk=0848f9d1f89d5fa6&rtk=1gpqhcnj9isa8800&from=rss",NA,NA,2593879,-1
18,"Senior Data Analyst – Claims Editing/CXT Cloud Operations - Change Healthcare - Wyoming","https://www.indeed.com/viewjob?t=Senior+Data+Analyst+Claim+Editing+Cxt+Cloud+Operation&c=Change+Healthcare&l=Wyoming&jk=990eff030d67b9fd&rtk=1gpqhcnj9isa8800&from=rss",NA,NA,2593879,-1
19,"Director, AI Engineering (Artificial Intelligence) - Change Healthcare - Wyoming","https://www.indeed.com/viewjob?t=Director&c=Change+Healthcare&l=Wyoming&jk=5775a612f6d27547&rtk=1gpqhcnj9isa8800&from=rss",NA,NA,2593879,-1
20,"Senior Data Analyst - William E. Wecker Associates, Inc. - Jackson, WY","https://www.indeed.com/viewjob?t=Senior+Data+Analyst&c=William+E.+Wecker+Associates&l=Jackson,+WY&jk=147dbd1a67c4e6e1&rtk=1gpqhcnj9isa8800&from=rss",NA,NA,2593879,-1
122,"Postdoctoral Appointee - Computer Science Research Institute","https://it.careercast.com/jobs/postdoctoral-appointee-computer-science-research-institute-albuquerque-nm-87102-133700034-d?contextType=rss&widget=1&type=job&",NA,NA,2594162,-1
123,"Intern - R&D Undergrad Summer","https://it.careercast.com/jobs/intern-r-d-undergrad-summer-livermore-ca-94550-133514872-d?contextType=rss&widget=1&type=job&",NA,NA,2594162,-1
124,"Intern - Science of Extreme Environments Research and Innovation (SEERI) - R&D Graduate Summer","https://it.careercast.com/jobs/intern-science-of-extreme-environments-research-and-innovation-seeri-r-d-graduate-summer-albuquerque-nm-87102-133797982-d?contextType=rss&widget=1&type=job&",NA,NA,2594162,-1
127,"Intern - Monitoring Systems Technology Intern Center (MSTIC) Geoscience - R&D Graduate Summer","https://it.careercast.com/jobs/intern-monitoring-systems-technology-intern-center-mstic-geoscience-r-d-graduate-summer-albuquerque-nm-87102-133263695-d?contextType=rss&widget=1&type=job&",NA,NA,2594162,-1
128,"Intern - Monitoring Systems Technology Intern Center (MSTIC) Geoscience - R&D Undergraduate Summer","https://it.careercast.com/jobs/intern-monitoring-systems-technology-intern-center-mstic-geoscience-r-d-undergraduate-summer-albuquerque-nm-87102-133263660-d?contextType=rss&widget=1&type=job&",NA,NA,2594162,-1
129,"Intern - Materials Mechanics and Tribology - R&D Undergraduate Co-op","https://it.careercast.com/jobs/intern-materials-mechanics-and-tribology-r-d-undergraduate-co-op-albuquerque-nm-87102-133798075-d?contextType=rss&widget=1&type=job&",NA,NA,2594162,-1
132,"Computer Scientist - Scalable HPC (Experienced)","https://it.careercast.com/jobs/computer-scientist-scalable-hpc-experienced-livermore-ca-94550-133389473-d?contextType=rss&widget=1&type=job&",NA,NA,2594162,-1
133,"R&D Radiography Scientist (Mid-Career/Experienced)","https://it.careercast.com/jobs/r-d-radiography-scientist-mid-career-experienced-livermore-ca-94550-133438286-d?contextType=rss&widget=1&type=job&",NA,NA,2594162,-1
137,"Intern - Materials Data Management, R&D Undergraduate Year-Round","https://it.careercast.com/jobs/intern-materials-data-management-r-d-undergraduate-year-round-livermore-ca-94550-133236067-d?contextType=rss&widget=1&type=job&",NA,NA,2594162,-1
140,"Decision Sciences Manager","https://it.careercast.com/jobs/decision-sciences-manager-santa-ana-san-josé-10901-133602297-d?contextType=rss&widget=1&type=job&",NA,NA,2594162,-1
162,"R programmer","https://www.r-users.com/jobs/r-programmer-4/",NA,NA,1378327,-1
172,"Data Science Engineer @ NY","https://www.r-users.com/jobs/data-science-engineer-ny/",NA,NA,1378327,-1
174,"Solutions Engineer","https://www.r-users.com/jobs/solutions-engineer-3/",NA,NA,1378327,-1
175,"Major Accounts Executive","https://www.r-users.com/jobs/major-accounts-executive/",NA,NA,1378327,-1
176,"Senior Enterprise Advocate (Sales – New Business)","https://www.r-users.com/jobs/senior-enterprise-advocate-sales-new-business/",NA,NA,1378327,-1
177,"Data Science Summer Internship @ Raleigh, North Carolina, U.S.","https://www.r-users.com/jobs/data-science-summer-internship-raleigh-north-carolina-u-s/",NA,NA,1378327,-1
183,"Lecturer of Statistical and Data Sciences","https://www.r-users.com/jobs/lecturer-of-statistical-and-data-sciences/",NA,NA,1378327,-1
190,"Research Officer (Data Expert) @ London, England","https://www.r-users.com/jobs/research-officer-data-expert-london-england/",NA,NA,1378327,-1
191,"Research Associate, Center for Data Insights @ New York, U.S.","https://www.r-users.com/jobs/research-associate-center-for-data-insights-new-york-u-s/",NA,NA,1378327,-1
192,"Data Analyst Consultant in Fisheries Management – U.S.","https://www.r-users.com/jobs/data-analyst-consultant-in-fisheries-management-u-s/",NA,NA,1378327,-1
194,"R Programmer / Analyst @ Nottingham, UK","https://www.r-users.com/jobs/r-programmer-analyst-nottingham-uk/",NA,NA,1378327,-1
198,"Data Scientist/Engineer @ Dakar, Senegal","https://www.r-users.com/jobs/data-scientist-engineer-dakar-senegal/",NA,NA,1378327,-1
199,"(Junior) Data Analyst – Berlin","https://www.r-users.com/jobs/junior-data-analyst-berlin/",NA,NA,1378327,-1
203,"Data Scientist @ New York, United States","https://www.r-users.com/jobs/data-scientist-new-york-united-states-2/",NA,NA,1378327,-1
208,"Senior Data Scientist @ New York, United States","https://www.r-users.com/jobs/senior-data-scientist-new-york-united-states/",NA,NA,1378327,-1
211,"Population Data Felllow @ The United Nations Population Fund (UNFPA) (US)","https://www.r-users.com/jobs/population-data-felllow-the-united-nations-population-fund-unfpa-us/",NA,NA,1378327,-1
212,"Data Modelling for Vehicle Grid Integration @ Alan Turing Institute in London","https://www.r-users.com/jobs/data-modelling-for-vehicle-grid-integration-alan-turing-institute-in-london/",NA,NA,1378327,-1
214,"Data/GIS Analyst for Ecoscape Environmental Consultants @ Kelowna, British Columbia, Canada","https://www.r-users.com/jobs/data-gis-analyst-for-ecoscape-environmental-consultants-kelowna-british-columbia-canada/",NA,NA,1378327,-1
215,"R Developer for Onebridge @ Indianapolis U.S.","https://www.r-users.com/jobs/r-developer-for-onebridge-indianapolis-u-s/",NA,NA,1378327,-1
219,"Economic Modeler @ Sophie, BluePath Solutions","https://www.r-users.com/jobs/economic-modeler-sophie-bluepath-solutions/",NA,NA,1378327,-1
222,"R Trainer @ London","https://www.r-users.com/jobs/r-trainer-london/",NA,NA,1378327,-1
231,"PhD project on drought reconstruction","https://www.r-users.com/jobs/phd-project-on-drought-reconstruction/",NA,NA,1378327,-1
236,"Data Integration Analyst","https://www.r-users.com/jobs/data-integration-analyst/",NA,NA,1378327,-1
240,"Data Science Intern","https://www.r-users.com/jobs/data-science-intern-2/",NA,NA,1378327,-1
244,"R& D Materials Science – Energetic Materials Data Science (Early/Mid-Career)","https://www.r-users.com/jobs/r-d-materials-science-energetic-materials-data-science-earlymid-career/",NA,NA,1378327,-1
247,"Research Fellow in Applied Statistics for Disaster Research","https://www.r-users.com/jobs/research-fellow-in-applied-statistics-for-disaster-research/",NA,NA,1378327,-1
265,"Senior Software Engineer, Wildfell Software LLC","https://www.python.org/jobs/7090/",NA,NA,977141,-1
270,"Python Developer, Incsub LLC","https://www.python.org/jobs/7087/",NA,NA,977141,-1
279,"Sr. Software Engineer, Yale University","https://www.python.org/jobs/7069/",NA,NA,977141,-1
296,"Sr Python Engineer (Web/API), Forté Group","https://www.python.org/jobs/7049/",NA,NA,977141,-1
303,"Back-End / Data Engineer, Publisher Discovery","https://www.python.org/jobs/6996/",NA,NA,977141,-1
306,"Python Backend Developer (3 Month Initial Services Contract), Skoon Energy","https://www.python.org/jobs/7000/",NA,NA,977141,-1
307,"Director of Engineering, Plantbid","https://www.python.org/jobs/7001/",NA,NA,977141,-1
308,"Senior Software Engineer, Plantbid","https://www.python.org/jobs/7002/",NA,NA,977141,-1
309,"Lead Software Engineer (Python), hashtrust","https://www.python.org/jobs/6997/",NA,NA,977141,-1
310,"Data Scientist (f/m/d) - Data Analytics, United Internet","https://www.python.org/jobs/6999/",NA,NA,977141,-1
311,"Senior Full-Stack Software Engineer, Reckon Digital","https://www.python.org/jobs/6998/",NA,NA,977141,-1
312,"Software Engineer, Qudo","https://www.python.org/jobs/6993/",NA,NA,977141,-1
313,"Sr. Software Engineer or Sr. Staff Software Engineer, WP Engine","https://www.python.org/jobs/6990/",NA,NA,977141,-1
314,"Software Engineer - MAAS, Canonical","https://www.python.org/jobs/6991/",NA,NA,977141,-1
315,"Remote Senior Python/AWS Engineer - Up to $190K, Not Disclosed","https://www.python.org/jobs/6989/",NA,NA,977141,-1
316,"Sales Edge Engineer, Crossbeam","https://www.python.org/jobs/6986/",NA,NA,977141,-1
317,"Backend developers, Automoviles San Jorge","https://www.python.org/jobs/6987/",NA,NA,977141,-1
318,"Python Developer for Ambitious Startup, Soundsnap, Beatopia","https://www.python.org/jobs/6988/",NA,NA,977141,-1
319,"Distributed Systems Engineer(Python and AWS) - Up to $190K, Not Disclosed","https://www.python.org/jobs/6984/",NA,NA,977141,-1
320,"Python and C++ Engineer for Boulder-Based Consulting Firm- Up to $190K, Not Disclosed","https://www.python.org/jobs/6985/",NA,NA,977141,-1
321,"Software Engineer (Python, Docker, CI/CD), Vulnerability Research Labs, LLC","https://www.python.org/jobs/6978/",NA,NA,977141,-1
322,"Machine Learning Software Engineer (Python, Pytorch, Tensorflow), Vulnerability Research Labs, LLC","https://www.python.org/jobs/6979/",NA,NA,977141,-1
323,"Software Engineer (Python), Vulnerability Research Labs, LLC","https://www.python.org/jobs/6980/",NA,NA,977141,-1
324,"Full Stack Python Developer, Stout Systems","https://www.python.org/jobs/6981/",NA,NA,977141,-1
325,"Python Software Engineer, CV Screen Ltd","https://www.python.org/jobs/6977/",NA,NA,977141,-1
326,"Software Engineer - Integrations, Splunk","https://www.python.org/jobs/6974/",NA,NA,977141,-1
327,"Software Engineer - Integrations, Splunk","https://www.python.org/jobs/6975/",NA,NA,977141,-1
328,"Python Developer, ASPER BROTHERS","https://www.python.org/jobs/6971/",NA,NA,977141,-1
329,"Python Software Engineer, Xarma Ltd","https://www.python.org/jobs/6972/",NA,NA,977141,-1
330,"Senior Python Developer, Hire Train Retain","https://www.python.org/jobs/6970/",NA,NA,977141,-1
331,"Staff Python Backend Engineer, Reef Technologies","https://www.python.org/jobs/6967/",NA,NA,977141,-1
332,"Python Developer, Wattstor","https://www.python.org/jobs/6968/",NA,NA,977141,-1
333,"Software programmer (website django...), J.F. Computer Solutions","https://www.python.org/jobs/6966/",NA,NA,977141,-1
334,"Python Developer, CEOS GmbH","https://www.python.org/jobs/6964/",NA,NA,977141,-1
335,"Data Science Engineer, Remote Scout","https://www.python.org/jobs/6965/",NA,NA,977141,-1
336,"Senior Software Engineer, Conservis","https://www.python.org/jobs/6963/",NA,NA,977141,-1
337,"Senior Python Developer (EGYPT), HireTrainRetain.com","https://www.python.org/jobs/6962/",NA,NA,977141,-1
338,"Community Events Manager, Python Software Foundation","https://www.python.org/jobs/6961/",NA,NA,977141,-1
339,"Senior Python Developer, Arvato Systems Malaysia","https://www.python.org/jobs/6960/",NA,NA,977141,-1
340,"Senior Python Developer, TurbineHub","https://www.python.org/jobs/6958/",NA,NA,977141,-1
341,"Site Reliability Engineer (f/m/d) - Defense Products, United Internet","https://www.python.org/jobs/6953/",NA,NA,977141,-1
342,"Back End Python/Django (remote), Grupo Myth","https://www.python.org/jobs/6954/",NA,NA,977141,-1
343,"MIDDLE/SENIOR PYTHON DEVELOPER (BEESWAX/USERDATA TEAM), SigmaSoftware","https://www.python.org/jobs/6947/",NA,NA,977141,-1
344,"Python Data Engineer, Homesourcing","https://www.python.org/jobs/6948/",NA,NA,977141,-1
345,"Sr. Backend Python Developer, Accu-Trade","https://www.python.org/jobs/6951/",NA,NA,977141,-1
346,"Senior Django Developer (Contractor), Fabius Labs","https://www.python.org/jobs/6950/",NA,NA,977141,-1
347,"Python Data Engineer, Valuable Recruitment","https://www.python.org/jobs/6949/",NA,NA,977141,-1
348,"Data Engineer (f/m/d), United Internet","https://www.python.org/jobs/6945/",NA,NA,977141,-1
349,"DATA/BI ANALYST, Upstaff","https://www.python.org/jobs/6946/",NA,NA,977141,-1
350,"Miscellaneous tasks for existing Python website, Django CMS and Vue 2, RetractableAwnings.com","https://www.python.org/jobs/6941/",NA,NA,977141,-1
351,"Cloud Platform Engineer (f/m/d), 1&1 AG","https://www.python.org/jobs/6942/",NA,NA,977141,-1
352,"2 Python Developers, 3E","https://www.python.org/jobs/6943/",NA,NA,977141,-1
353,"IT Data Scientist - Volm Companies - Wausau, WI","https://www.indeed.com/viewjob?t=IT+Data+Scientist&c=Volm+Companies&l=Wausau,+WI&jk=ae561962be58397e&rtk=1gpsigq8mkp2h800&from=rss",NA,NA,2593879,-1
354,"Senior Data Analyst - Ryder System - Charleston, WV","https://www.indeed.com/viewjob?t=Senior+Data+Analyst&c=Ryder+System&l=Charleston,+WV&jk=5dbb25f69d6c5bcc&rtk=1gps30op021fg000&from=rss",NA,NA,2593879,-1
355,"COOP - Senior Data Analyst - Ryder System - Charleston, WV","https://www.indeed.com/viewjob?t=Coop&c=Ryder+System&l=Charleston,+WV&jk=77dec1f0ed723d9c&rtk=1gps30op021fg000&from=rss",NA,NA,2593879,-1
356,"Sentinel(GBSD) Data Scientist - 9200 - Northrop Grumman - Wyoming","https://www.indeed.com/viewjob?t=Sentinel+Data+Scientist&c=Northrop+Grumman&l=Wyoming&jk=5aa4b9fb1c987f18&rtk=1gps30op021fg000&from=rss",NA,NA,2593879,-1
357,"Senior Data Analyst - Ryder System - Cheyenne, WY","https://www.indeed.com/viewjob?t=Senior+Data+Analyst&c=Ryder+System&l=Cheyenne,+WY&jk=ee009456c83f17d3&rtk=1gps30op021fg000&from=rss",NA,NA,2593879,-1
358,"COOP - Senior Data Analyst - Ryder System - Cheyenne, WY","https://www.indeed.com/viewjob?t=Coop&c=Ryder+System&l=Cheyenne,+WY&jk=774497a30c472ded&rtk=1gps30op021fg000&from=rss",NA,NA,2593879,-1
359,"Senior Manager AI Engineering (Artificial Intelligence) - Change Healthcare - West Virginia","https://www.indeed.com/viewjob?t=Senior+Manager+Ai+Engineering&c=Change+Healthcare&l=West+Virginia&jk=cf58258d9c88ccd1&rtk=1gps30op021fg000&from=rss",NA,NA,2593879,-1
360,"Senior Data Analyst – Claims Editing/CXT Cloud Operations - Change Healthcare - West Virginia","https://www.indeed.com/viewjob?t=Senior+Data+Analyst+Claim+Editing+Cxt+Cloud+Operation&c=Change+Healthcare&l=West+Virginia&jk=da42605681389e81&rtk=1gps30op021fg000&from=rss",NA,NA,2593879,-1
361,"Director, AI Engineering (Artificial Intelligence) - Change Healthcare - West Virginia","https://www.indeed.com/viewjob?t=Director&c=Change+Healthcare&l=West+Virginia&jk=076e3ee4a966ffa3&rtk=1gps30op021fg000&from=rss",NA,NA,2593879,-1
362,"Supply Chain Data Scientist - Cardinal Health - West Virginia","https://www.indeed.com/viewjob?t=Supply+Chain+Data+Scientist&c=Cardinal+Health&l=West+Virginia&jk=a1084396e2ccf3b0&rtk=1gps30op021fg000&from=rss",NA,NA,2593879,-1
363,"Data Scientist - The Best Talent Services, Inc. - Clarksburg, WV","https://www.indeed.com/viewjob?t=Data+Scientist&c=The+Best+Talent+Services&l=Clarksburg,+WV&jk=2cd22467d925eea2&rtk=1gps30op021fg000&from=rss",NA,NA,2593879,-1
364,"CFD for Advanced Reactor Design: An exploration of machine learning methods - National Energy Technology Laboratory (NETL) - Morgantown, WV","https://www.indeed.com/viewjob?t=Cfd+Advanced+Reactor+Design&c=National+Energy+Technology+Laboratory&l=Morgantown,+WV&jk=395ccd6dc3fb4b87&rtk=1gps30op021fg000&from=rss",NA,NA,2593879,-1
365,"Data Scientist - WV Clinical & Translational Science Institute - Hybrid - Careers | West Virginia University - Morgantown, WV","https://www.indeed.com/viewjob?t=Data+Scientist&c=Careers+%7C+West+Virginia+University&l=Morgantown,+WV&jk=59d4262cd268891f&rtk=1gps30op021fg000&from=rss",NA,NA,2593879,-1
366,"(Remote) Data Scientist - Rockefeller Neuroscience Institute - Careers | West Virginia University - Morgantown, WV","https://www.indeed.com/viewjob?t=Data+Scientist&c=Careers+%7C+West+Virginia+University&l=Morgantown,+WV&jk=06e65096698ac9c5&rtk=1gps30op021fg000&from=rss",NA,NA,2593879,-1
367,"Data Mining Analyst - Change Healthcare - Wyoming","https://www.indeed.com/viewjob?t=Data+Mining+Analyst&c=Change+Healthcare&l=Wyoming&jk=cea3d24ba92dcaeb&rtk=1gps30op021fg000&from=rss",NA,NA,2593879,-1
368,"ClaimsXten Senior Claims Data Analyst - Change Healthcare - Wyoming","https://www.indeed.com/viewjob?t=Claimsxten+Senior+Claim+Data+Analyst&c=Change+Healthcare&l=Wyoming&jk=916f2e4df5477178&rtk=1gps30op021fg000&from=rss",NA,NA,2593879,-1
369,"Senior Financial Data Analyst - Advisor Group - Wyoming","https://www.indeed.com/viewjob?t=Senior+Financial+Data+Analyst&c=Advisor+Group&l=Wyoming&jk=26b6aceb9040bcb2&rtk=1gps30op021fg000&from=rss",NA,NA,2593879,-1
370,"Senior Manager AI Engineering (Artificial Intelligence) - Change Healthcare - Wyoming","https://www.indeed.com/viewjob?t=Senior+Manager+Ai+Engineering&c=Change+Healthcare&l=Wyoming&jk=0848f9d1f89d5fa6&rtk=1gps30op021fg000&from=rss",NA,NA,2593879,-1
371,"Senior Data Analyst – Claims Editing/CXT Cloud Operations - Change Healthcare - Wyoming","https://www.indeed.com/viewjob?t=Senior+Data+Analyst+Claim+Editing+Cxt+Cloud+Operation&c=Change+Healthcare&l=Wyoming&jk=990eff030d67b9fd&rtk=1gps30op021fg000&from=rss",NA,NA,2593879,-1
372,"Director, AI Engineering (Artificial Intelligence) - Change Healthcare - Wyoming","https://www.indeed.com/viewjob?t=Director&c=Change+Healthcare&l=Wyoming&jk=5775a612f6d27547&rtk=1gps30op021fg000&from=rss",NA,NA,2593879,-1
373,"Senior Data Analyst - William E. Wecker Associates, Inc. - Jackson, WY","https://www.indeed.com/viewjob?t=Senior+Data+Analyst&c=William+E.+Wecker+Associates&l=Jackson,+WY&jk=147dbd1a67c4e6e1&rtk=1gps30op021fg000&from=rss",NA,NA,2593879,-1
475,"R&D Metallurgist / Materials Scientist Lab Support Technologist","https://it.careercast.com/jobs/r-d-metallurgist-materials-scientist-lab-support-technologist-albuquerque-nm-87102-133916434-d?contextType=rss&widget=1&type=job&",NA,NA,2594162,-1
477,"Remote Python Software Engineer, Thoughtful Logic LLC","https://www.python.org/jobs/7109/",NA,NA,977141,-1
478,"Backend Python Developer for Distributed Company, DomainsBot","https://www.python.org/jobs/7119/",NA,NA,977141,-1
534,"Sr Product Manager - AI/ML Software - Groq - Mount View, WI","https://www.indeed.com/viewjob?t=Senior+Product+Manager&c=Groq&l=Mount+View,+WI&jk=45ad95500078a43b&rtk=1gpu1e9l2kp2h800&from=rss",NA,NA,2593879,-1
535,"Senior Data Analyst - Ryder System - Charleston, WV","https://www.indeed.com/viewjob?t=Senior+Data+Analyst&c=Ryder+System&l=Charleston,+WV&jk=5dbb25f69d6c5bcc&rtk=1gpukpuvqkp2h800&from=rss",NA,NA,2593879,-1
536,"COOP - Senior Data Analyst - Ryder System - Charleston, WV","https://www.indeed.com/viewjob?t=Coop&c=Ryder+System&l=Charleston,+WV&jk=77dec1f0ed723d9c&rtk=1gpukpuvqkp2h800&from=rss",NA,NA,2593879,-1
537,"Senior Data Analyst - Ryder System - Cheyenne, WY","https://www.indeed.com/viewjob?t=Senior+Data+Analyst&c=Ryder+System&l=Cheyenne,+WY&jk=ee009456c83f17d3&rtk=1gpukpuvqkp2h800&from=rss",NA,NA,2593879,-1
538,"COOP - Senior Data Analyst - Ryder System - Cheyenne, WY","https://www.indeed.com/viewjob?t=Coop&c=Ryder+System&l=Cheyenne,+WY&jk=774497a30c472ded&rtk=1gpukpuvqkp2h800&from=rss",NA,NA,2593879,-1
539,"Senior Financial Data Analyst - Advisor Group - West Virginia","https://www.indeed.com/viewjob?t=Senior+Financial+Data+Analyst&c=Advisor+Group&l=West+Virginia&jk=2b26fc27cbdb6b8a&rtk=1gpukpuvqkp2h800&from=rss",NA,NA,2593879,-1
540,"People Data Scientist - Cardinal Health - West Virginia","https://www.indeed.com/viewjob?t=People+Data+Scientist&c=Cardinal+Health&l=West+Virginia&jk=c1e247cc3397807e&rtk=1gpukpuvqkp2h800&from=rss",NA,NA,2593879,-1
541,"Senior Manager AI Engineering (Artificial Intelligence) - Change Healthcare - West Virginia","https://www.indeed.com/viewjob?t=Senior+Manager+Ai+Engineering&c=Change+Healthcare&l=West+Virginia&jk=cf58258d9c88ccd1&rtk=1gpukpuvqkp2h800&from=rss",NA,NA,2593879,-1
542,"Senior Data Analyst – Claims Editing/CXT Cloud Operations - Change Healthcare - West Virginia","https://www.indeed.com/viewjob?t=Senior+Data+Analyst+Claim+Editing+Cxt+Cloud+Operation&c=Change+Healthcare&l=West+Virginia&jk=da42605681389e81&rtk=1gpukpuvqkp2h800&from=rss",NA,NA,2593879,-1
543,"Director, AI Engineering (Artificial Intelligence) - Change Healthcare - West Virginia","https://www.indeed.com/viewjob?t=Director&c=Change+Healthcare&l=West+Virginia&jk=076e3ee4a966ffa3&rtk=1gpukpuvqkp2h800&from=rss",NA,NA,2593879,-1
544,"Supply Chain Data Scientist - Cardinal Health - West Virginia","https://www.indeed.com/viewjob?t=Supply+Chain+Data+Scientist&c=Cardinal+Health&l=West+Virginia&jk=a1084396e2ccf3b0&rtk=1gpukpuvqkp2h800&from=rss",NA,NA,2593879,-1
545,"Data Scientist - The Best Talent Services, Inc. - Clarksburg, WV","https://www.indeed.com/viewjob?t=Data+Scientist&c=The+Best+Talent+Services&l=Clarksburg,+WV&jk=2cd22467d925eea2&rtk=1gpukpuvqkp2h800&from=rss",NA,NA,2593879,-1
546,"CFD for Advanced Reactor Design: An exploration of machine learning methods - National Energy Technology Laboratory (NETL) - Morgantown, WV","https://www.indeed.com/viewjob?t=Cfd+Advanced+Reactor+Design&c=National+Energy+Technology+Laboratory&l=Morgantown,+WV&jk=395ccd6dc3fb4b87&rtk=1gpukpuvqkp2h800&from=rss",NA,NA,2593879,-1
547,"Data Scientist - WV Clinical & Translational Science Institute - Hybrid - Careers | West Virginia University - Morgantown, WV","https://www.indeed.com/viewjob?t=Data+Scientist&c=Careers+%7C+West+Virginia+University&l=Morgantown,+WV&jk=59d4262cd268891f&rtk=1gpukpuvqkp2h800&from=rss",NA,NA,2593879,-1
548,"(Remote) Data Scientist - Rockefeller Neuroscience Institute - Careers | West Virginia University - Morgantown, WV","https://www.indeed.com/viewjob?t=Data+Scientist&c=Careers+%7C+West+Virginia+University&l=Morgantown,+WV&jk=06e65096698ac9c5&rtk=1gpukpuvqkp2h800&from=rss",NA,NA,2593879,-1
549,"Data Mining Analyst - Change Healthcare - Wyoming","https://www.indeed.com/viewjob?t=Data+Mining+Analyst&c=Change+Healthcare&l=Wyoming&jk=cea3d24ba92dcaeb&rtk=1gpukpuvqkp2h800&from=rss",NA,NA,2593879,-1
550,"Senior Financial Data Analyst - Advisor Group - Wyoming","https://www.indeed.com/viewjob?t=Senior+Financial+Data+Analyst&c=Advisor+Group&l=Wyoming&jk=26b6aceb9040bcb2&rtk=1gpukpuvqkp2h800&from=rss",NA,NA,2593879,-1
551,"Senior Manager AI Engineering (Artificial Intelligence) - Change Healthcare - Wyoming","https://www.indeed.com/viewjob?t=Senior+Manager+Ai+Engineering&c=Change+Healthcare&l=Wyoming&jk=0848f9d1f89d5fa6&rtk=1gpukpuvqkp2h800&from=rss",NA,NA,2593879,-1
552,"Senior Data Analyst – Claims Editing/CXT Cloud Operations - Change Healthcare - Wyoming","https://www.indeed.com/viewjob?t=Senior+Data+Analyst+Claim+Editing+Cxt+Cloud+Operation&c=Change+Healthcare&l=Wyoming&jk=990eff030d67b9fd&rtk=1gpukpuvqkp2h800&from=rss",NA,NA,2593879,-1
553,"Director, AI Engineering (Artificial Intelligence) - Change Healthcare - Wyoming","https://www.indeed.com/viewjob?t=Director&c=Change+Healthcare&l=Wyoming&jk=5775a612f6d27547&rtk=1gpukpuvqkp2h800&from=rss",NA,NA,2593879,-1
554,"Senior Data Analyst - William E. Wecker Associates, Inc. - Jackson, WY","https://www.indeed.com/viewjob?t=Senior+Data+Analyst&c=William+E.+Wecker+Associates&l=Jackson,+WY&jk=147dbd1a67c4e6e1&rtk=1gpukpuvqkp2h800&from=rss",NA,NA,2593879,-1
621,"Geographer Data Scientist - Leidos - Morgantown, WV","https://www.indeed.com/viewjob?t=Geographer+Data+Scientist&c=Leidos&l=Morgantown,+WV&jk=685cbaf35f6924de&rtk=1gq5s0l6p21fg000&from=rss",NA,NA,2593879,-1
622,"Sr Product Manager - AI/ML Software - Groq - Mount View, WI","https://www.indeed.com/viewjob?t=Senior+Product+Manager&c=Groq&l=Mount+View,+WI&jk=45ad95500078a43b&rtk=1gq5s0l6p21fg000&from=rss",NA,NA,2593879,-1
623,"IT Data Scientist - Volm Companies - Wausau, WI","https://www.indeed.com/viewjob?t=IT+Data+Scientist&c=Volm+Companies&l=Wausau,+WI&jk=ae561962be58397e&rtk=1gq5s0l6p21fg000&from=rss",NA,NA,2593879,-1
624,"IT Data Scientist - Volm Companies - Antigo, WI","https://www.indeed.com/viewjob?t=IT+Data+Scientist&c=Volm+Companies&l=Antigo,+WI&jk=54dbcd0f853e1e16&rtk=1gq5s0l6p21fg000&from=rss",NA,NA,2593879,-1
625,"Data Mining Analyst - Change Healthcare - West Virginia","https://www.indeed.com/viewjob?t=Data+Mining+Analyst&c=Change+Healthcare&l=West+Virginia&jk=2617849d76f7f69d&rtk=1gq5s0l6p21fg000&from=rss",NA,NA,2593879,-1
626,"Senior Financial Data Analyst - Advisor Group - West Virginia","https://www.indeed.com/viewjob?t=Senior+Financial+Data+Analyst&c=Advisor+Group&l=West+Virginia&jk=2b26fc27cbdb6b8a&rtk=1gq5s0l6p21fg000&from=rss",NA,NA,2593879,-1
627,"People Data Scientist - Cardinal Health - West Virginia","https://www.indeed.com/viewjob?t=People+Data+Scientist&c=Cardinal+Health&l=West+Virginia&jk=c1e247cc3397807e&rtk=1gq5s0l6p21fg000&from=rss",NA,NA,2593879,-1
628,"Senior Manager AI Engineering (Artificial Intelligence) - Change Healthcare - West Virginia","https://www.indeed.com/viewjob?t=Senior+Manager+Ai+Engineering&c=Change+Healthcare&l=West+Virginia&jk=cf58258d9c88ccd1&rtk=1gq5s0l6p21fg000&from=rss",NA,NA,2593879,-1
629,"Senior Data Analyst – Claims Editing/CXT Cloud Operations - Change Healthcare - West Virginia","https://www.indeed.com/viewjob?t=Senior+Data+Analyst+Claim+Editing+Cxt+Cloud+Operation&c=Change+Healthcare&l=West+Virginia&jk=da42605681389e81&rtk=1gq5s0l6p21fg000&from=rss",NA,NA,2593879,-1
630,"Director, AI Engineering (Artificial Intelligence) - Change Healthcare - West Virginia","https://www.indeed.com/viewjob?t=Director&c=Change+Healthcare&l=West+Virginia&jk=076e3ee4a966ffa3&rtk=1gq5s0l6p21fg000&from=rss",NA,NA,2593879,-1
631,"Supply Chain Data Scientist - Cardinal Health - West Virginia","https://www.indeed.com/viewjob?t=Supply+Chain+Data+Scientist&c=Cardinal+Health&l=West+Virginia&jk=a1084396e2ccf3b0&rtk=1gq5s0l6p21fg000&from=rss",NA,NA,2593879,-1
632,"Data Scientist - The Best Talent Services, Inc. - Clarksburg, WV","https://www.indeed.com/viewjob?t=Data+Scientist&c=The+Best+Talent+Services&l=Clarksburg,+WV&jk=2cd22467d925eea2&rtk=1gq0d0j76jr5n800&from=rss",NA,NA,2593879,-1
633,"CFD for Advanced Reactor Design: An exploration of machine learning methods - National Energy Technology Laboratory (NETL) - Morgantown, WV","https://www.indeed.com/viewjob?t=Cfd+Advanced+Reactor+Design&c=National+Energy+Technology+Laboratory&l=Morgantown,+WV&jk=395ccd6dc3fb4b87&rtk=1gq5s0l6p21fg000&from=rss",NA,NA,2593879,-1
634,"Data Scientist - WV Clinical & Translational Science Institute - Hybrid - Careers | West Virginia University - Morgantown, WV","https://www.indeed.com/viewjob?t=Data+Scientist&c=Careers+%7C+West+Virginia+University&l=Morgantown,+WV&jk=59d4262cd268891f&rtk=1gq5s0l6p21fg000&from=rss",NA,NA,2593879,-1
635,"(Remote) Data Scientist - Rockefeller Neuroscience Institute - Careers | West Virginia University - Morgantown, WV","https://www.indeed.com/viewjob?t=Data+Scientist&c=Careers+%7C+West+Virginia+University&l=Morgantown,+WV&jk=06e65096698ac9c5&rtk=1gq5s0l6p21fg000&from=rss",NA,NA,2593879,-1
636,"Data Mining Analyst - Change Healthcare - Wyoming","https://www.indeed.com/viewjob?t=Data+Mining+Analyst&c=Change+Healthcare&l=Wyoming&jk=cea3d24ba92dcaeb&rtk=1gq5s0l6p21fg000&from=rss",NA,NA,2593879,-1
637,"Senior Financial Data Analyst - Advisor Group - Wyoming","https://www.indeed.com/viewjob?t=Senior+Financial+Data+Analyst&c=Advisor+Group&l=Wyoming&jk=26b6aceb9040bcb2&rtk=1gq5s0l6p21fg000&from=rss",NA,NA,2593879,-1
638,"Senior Manager AI Engineering (Artificial Intelligence) - Change Healthcare - Wyoming","https://www.indeed.com/viewjob?t=Senior+Manager+Ai+Engineering&c=Change+Healthcare&l=Wyoming&jk=0848f9d1f89d5fa6&rtk=1gq5s0l6p21fg000&from=rss",NA,NA,2593879,-1
639,"Senior Data Analyst – Claims Editing/CXT Cloud Operations - Change Healthcare - Wyoming","https://www.indeed.com/viewjob?t=Senior+Data+Analyst+Claim+Editing+Cxt+Cloud+Operation&c=Change+Healthcare&l=Wyoming&jk=990eff030d67b9fd&rtk=1gq5s0l6p21fg000&from=rss",NA,NA,2593879,-1
640,"Director, AI Engineering (Artificial Intelligence) - Change Healthcare - Wyoming","https://www.indeed.com/viewjob?t=Director&c=Change+Healthcare&l=Wyoming&jk=5775a612f6d27547&rtk=1gq5s0l6p21fg000&from=rss",NA,NA,2593879,-1
641,"Senior Data Analyst - William E. Wecker Associates, Inc. - Jackson, WY","https://www.indeed.com/viewjob?t=Senior+Data+Analyst&c=William+E.+Wecker+Associates&l=Jackson,+WY&jk=147dbd1a67c4e6e1&rtk=1gq5s0l6p21fg000&from=rss",NA,NA,2593879,-1
745,"Data Science-Associate Channel Manager - Kohler - Kohler, WI","https://www.indeed.com/viewjob?t=Data+Science+Associate+Channel+Manager&c=Kohler&l=Kohler,+WI&jk=fb21ea3165097194&rtk=1gqivf08ijr54800&from=rss",NA,NA,2593879,-1
746,"Data Analyst Associate - Materials - Pierce Manufacturing Inc - Appleton, WI","https://www.indeed.com/viewjob?t=Data+Analyst+Associate&c=Pierce+Manufacturing&l=Appleton,+WI&jk=de722a4956fb351e&rtk=1gqivf08ijr54800&from=rss",NA,NA,2593879,-1
747,"Senior Data Analyst - Werner Electric Supply - Appleton, WI","https://www.indeed.com/viewjob?t=Senior+Data+Analyst&c=Werner+Electric+Supply&l=Appleton,+WI&jk=957e7bd5a323117a&rtk=1gqivf08ijr54800&from=rss",NA,NA,2593879,-1
748,"Mid-Senior Data Analyst - High Technology Foundation - Fairmont, WV","https://www.indeed.com/viewjob?t=Mid+Senior+Data+Analyst&c=High+Technology+Foundation&l=Fairmont,+WV&jk=eee7d4fce81dba00&rtk=1gqefhia3kc30800&from=rss",NA,NA,2593879,-1
749,"Sr. Finance Data Analyst - US Venture - Appleton, WI","https://www.indeed.com/viewjob?t=Senior+Finance+Data+Analyst&c=US+Venture&l=Appleton,+WI&jk=a7bbe3401ed7aa7a&rtk=1gqgesff32j2o000&from=rss",NA,NA,2593879,-1
750,"Lead Data Scientist - Schneider - Green Bay, WI","https://www.indeed.com/viewjob?t=Lead+Data+Scientist&c=Schneider&l=Green+Bay,+WI&jk=98713425e1be1089&rtk=1gqivf08ijr54800&from=rss",NA,NA,2593879,-1
751,"Machine Learning Engineer (Hybrid Work Model) - Sentry Insurance - Stevens Point, WI","https://www.indeed.com/viewjob?t=Machine+Learning+Engineer&c=Sentry+Insurance&l=Stevens+Point,+WI&jk=6b10bd17758ca938&rtk=1gqgesff32j2o000&from=rss",NA,NA,2593879,-1
752,"Geographer Data Scientist - Leidos - Morgantown, WV","https://www.indeed.com/viewjob?t=Geographer+Data+Scientist&c=Leidos&l=Morgantown,+WV&jk=685cbaf35f6924de&rtk=1gqivf08ijr54800&from=rss",NA,NA,2593879,-1
753,"Sr Product Manager - AI/ML Software - Groq - Mount View, WI","https://www.indeed.com/viewjob?t=Senior+Product+Manager&c=Groq&l=Mount+View,+WI&jk=45ad95500078a43b&rtk=1gqivf08ijr54800&from=rss",NA,NA,2593879,-1
754,"IT Data Scientist - Volm Companies - Wausau, WI","https://www.indeed.com/viewjob?t=IT+Data+Scientist&c=Volm+Companies&l=Wausau,+WI&jk=ae561962be58397e&rtk=1gqivf08ijr54800&from=rss",NA,NA,2593879,-1
755,"Senior Data Analyst - Ryder System - Cheyenne, WY","https://www.indeed.com/viewjob?t=Senior+Data+Analyst&c=Ryder+System&l=Cheyenne,+WY&jk=ee009456c83f17d3&rtk=1gqe2kqh3kokp800&from=rss",NA,NA,2593879,-1
756,"IT Data Scientist - Volm Companies - Antigo, WI","https://www.indeed.com/viewjob?t=IT+Data+Scientist&c=Volm+Companies&l=Antigo,+WI&jk=54dbcd0f853e1e16&rtk=1gqivf08ijr54800&from=rss",NA,NA,2593879,-1
757,"Data Mining Analyst - Change Healthcare - West Virginia","https://www.indeed.com/viewjob?t=Data+Mining+Analyst&c=Change+Healthcare&l=West+Virginia&jk=2617849d76f7f69d&rtk=1gq8ltvml21fg000&from=rss",NA,NA,2593879,-1
758,"Senior Financial Data Analyst - Advisor Group - West Virginia","https://www.indeed.com/viewjob?t=Senior+Financial+Data+Analyst&c=Advisor+Group&l=West+Virginia&jk=2b26fc27cbdb6b8a&rtk=1gqe2kqh3kokp800&from=rss",NA,NA,2593879,-1
759,"People Data Scientist - Cardinal Health - West Virginia","https://www.indeed.com/viewjob?t=People+Data+Scientist&c=Cardinal+Health&l=West+Virginia&jk=c1e247cc3397807e&rtk=1gqivf08ijr54800&from=rss",NA,NA,2593879,-1
760,"Senior Manager AI Engineering (Artificial Intelligence) - Change Healthcare - West Virginia","https://www.indeed.com/viewjob?t=Senior+Manager+Ai+Engineering&c=Change+Healthcare&l=West+Virginia&jk=cf58258d9c88ccd1&rtk=1gqivf08ijr54800&from=rss",NA,NA,2593879,-1
761,"Senior Data Analyst – Claims Editing/CXT Cloud Operations - Change Healthcare - West Virginia","https://www.indeed.com/viewjob?t=Senior+Data+Analyst+Claim+Editing+Cxt+Cloud+Operation&c=Change+Healthcare&l=West+Virginia&jk=da42605681389e81&rtk=1gqivf08ijr54800&from=rss",NA,NA,2593879,-1
762,"Director, AI Engineering (Artificial Intelligence) - Change Healthcare - West Virginia","https://www.indeed.com/viewjob?t=Director&c=Change+Healthcare&l=West+Virginia&jk=076e3ee4a966ffa3&rtk=1gqivf08ijr54800&from=rss",NA,NA,2593879,-1
763,"Supply Chain Data Scientist - Cardinal Health - West Virginia","https://www.indeed.com/viewjob?t=Supply+Chain+Data+Scientist&c=Cardinal+Health&l=West+Virginia&jk=a1084396e2ccf3b0&rtk=1gqivf08ijr54800&from=rss",NA,NA,2593879,-1
764,"CFD for Advanced Reactor Design: An exploration of machine learning methods - National Energy Technology Laboratory (NETL) - Morgantown, WV","https://www.indeed.com/viewjob?t=Cfd+Advanced+Reactor+Design&c=National+Energy+Technology+Laboratory&l=Morgantown,+WV&jk=395ccd6dc3fb4b87&rtk=1gqivf08ijr54800&from=rss",NA,NA,2593879,-1
765,"Data Scientist - WV Clinical & Translational Science Institute - Hybrid - Careers | West Virginia University - Morgantown, WV","https://www.indeed.com/viewjob?t=Data+Scientist&c=Careers+%7C+West+Virginia+University&l=Morgantown,+WV&jk=59d4262cd268891f&rtk=1gqivf08ijr54800&from=rss",NA,NA,2593879,-1
766,"(Remote) Data Scientist - Rockefeller Neuroscience Institute - Careers | West Virginia University - Morgantown, WV","https://www.indeed.com/viewjob?t=Data+Scientist&c=Careers+%7C+West+Virginia+University&l=Morgantown,+WV&jk=06e65096698ac9c5&rtk=1gqivf08ijr54800&from=rss",NA,NA,2593879,-1
767,"Data Mining Analyst - Change Healthcare - Wyoming","https://www.indeed.com/viewjob?t=Data+Mining+Analyst&c=Change+Healthcare&l=Wyoming&jk=cea3d24ba92dcaeb&rtk=1gq8ltvml21fg000&from=rss",NA,NA,2593879,-1
768,"Senior Financial Data Analyst - Advisor Group - Wyoming","https://www.indeed.com/viewjob?t=Senior+Financial+Data+Analyst&c=Advisor+Group&l=Wyoming&jk=26b6aceb9040bcb2&rtk=1gqe2kqh3kokp800&from=rss",NA,NA,2593879,-1
769,"Senior Manager AI Engineering (Artificial Intelligence) - Change Healthcare - Wyoming","https://www.indeed.com/viewjob?t=Senior+Manager+Ai+Engineering&c=Change+Healthcare&l=Wyoming&jk=0848f9d1f89d5fa6&rtk=1gqivf08ijr54800&from=rss",NA,NA,2593879,-1
770,"Senior Data Analyst – Claims Editing/CXT Cloud Operations - Change Healthcare - Wyoming","https://www.indeed.com/viewjob?t=Senior+Data+Analyst+Claim+Editing+Cxt+Cloud+Operation&c=Change+Healthcare&l=Wyoming&jk=990eff030d67b9fd&rtk=1gqivf08ijr54800&from=rss",NA,NA,2593879,-1
771,"Director, AI Engineering (Artificial Intelligence) - Change Healthcare - Wyoming","https://www.indeed.com/viewjob?t=Director&c=Change+Healthcare&l=Wyoming&jk=5775a612f6d27547&rtk=1gqivf08ijr54800&from=rss",NA,NA,2593879,-1
772,"Senior Data Analyst - William E. Wecker Associates, Inc. - Jackson, WY","https://www.indeed.com/viewjob?t=Senior+Data+Analyst&c=William+E.+Wecker+Associates&l=Jackson,+WY&jk=147dbd1a67c4e6e1&rtk=1gqivf08ijr54800&from=rss",NA,NA,2593879,-1
889,"Director of Artificial Intelligence - Remote - USA - FullStack Labs - Charleston, WV","https://www.indeed.com/viewjob?t=Director+Artificial+Intelligence&c=FullStack+Labs&l=Charleston,+WV&jk=5c68ebf41f627e6a&rtk=1gqn3nn0ikc30800&from=rss",NA,NA,2593879,-1
890,"Director of Artificial Intelligence - Remote - USA - FullStack Labs - Cheyenne, WY","https://www.indeed.com/viewjob?t=Director+Artificial+Intelligence&c=FullStack+Labs&l=Cheyenne,+WY&jk=7d6d41ae61fcb075&rtk=1gqn3nn0ikc30800&from=rss",NA,NA,2593879,-1
891,"Data Science-Associate Channel Manager - Kohler - Kohler, WI","https://www.indeed.com/viewjob?t=Data+Science+Associate+Channel+Manager&c=Kohler&l=Kohler,+WI&jk=fb21ea3165097194&rtk=1gqlah5n8isbq800&from=rss",NA,NA,2593879,-1
892,"Senior Data Analyst - Werner Electric Supply - Appleton, WI","https://www.indeed.com/viewjob?t=Senior+Data+Analyst&c=Werner+Electric+Supply&l=Appleton,+WI&jk=957e7bd5a323117a&rtk=1gqlah5n8isbq800&from=rss",NA,NA,2593879,-1
893,"Mid-Senior Data Analyst - High Technology Foundation - Fairmont, WV","https://www.indeed.com/viewjob?t=Mid+Senior+Data+Analyst&c=High+Technology+Foundation&l=Fairmont,+WV&jk=eee7d4fce81dba00&rtk=1gqn3nn0ikc30800&from=rss",NA,NA,2593879,-1
894,"Sr. Finance Data Analyst - US Venture - Appleton, WI","https://www.indeed.com/viewjob?t=Senior+Finance+Data+Analyst&c=US+Venture&l=Appleton,+WI&jk=a7bbe3401ed7aa7a&rtk=1gqlah5n8isbq800&from=rss",NA,NA,2593879,-1
895,"Lead Data Scientist - Schneider - Green Bay, WI","https://www.indeed.com/viewjob?t=Lead+Data+Scientist&c=Schneider&l=Green+Bay,+WI&jk=98713425e1be1089&rtk=1gqn3nn0ikc30800&from=rss",NA,NA,2593879,-1
896,"Geographer Data Scientist - Leidos - Morgantown, WV","https://www.indeed.com/viewjob?t=Geographer+Data+Scientist&c=Leidos&l=Morgantown,+WV&jk=685cbaf35f6924de&rtk=1gqn3nn0ikc30800&from=rss",NA,NA,2593879,-1
897,"Sr Product Manager - AI/ML Software - Groq - Mount View, WI","https://www.indeed.com/viewjob?t=Senior+Product+Manager&c=Groq&l=Mount+View,+WI&jk=45ad95500078a43b&rtk=1gqn3nn0ikc30800&from=rss",NA,NA,2593879,-1
898,"IT Data Scientist - Volm Companies - Wausau, WI","https://www.indeed.com/viewjob?t=IT+Data+Scientist&c=Volm+Companies&l=Wausau,+WI&jk=ae561962be58397e&rtk=1gqn3nn0ikc30800&from=rss",NA,NA,2593879,-1
899,"Sentinel(GBSD) Data Scientist - 9200 - Northrop Grumman - Wyoming","https://www.indeed.com/viewjob?t=Sentinel+Data+Scientist&c=Northrop+Grumman&l=Wyoming&jk=5aa4b9fb1c987f18&rtk=1gqn3nn0ikc30800&from=rss",NA,NA,2593879,-1
900,"IT Data Scientist - Volm Companies - Antigo, WI","https://www.indeed.com/viewjob?t=IT+Data+Scientist&c=Volm+Companies&l=Antigo,+WI&jk=54dbcd0f853e1e16&rtk=1gqn3nn0ikc30800&from=rss",NA,NA,2593879,-1
901,"People Data Scientist - Cardinal Health - West Virginia","https://www.indeed.com/viewjob?t=People+Data+Scientist&c=Cardinal+Health&l=West+Virginia&jk=c1e247cc3397807e&rtk=1gqn3nn0ikc30800&from=rss",NA,NA,2593879,-1
902,"Senior Manager AI Engineering (Artificial Intelligence) - Change Healthcare - West Virginia","https://www.indeed.com/viewjob?t=Senior+Manager+Ai+Engineering&c=Change+Healthcare&l=West+Virginia&jk=cf58258d9c88ccd1&rtk=1gqn3nn0ikc30800&from=rss",NA,NA,2593879,-1
903,"Senior Data Analyst – Claims Editing/CXT Cloud Operations - Change Healthcare - West Virginia","https://www.indeed.com/viewjob?t=Senior+Data+Analyst+Claim+Editing+Cxt+Cloud+Operation&c=Change+Healthcare&l=West+Virginia&jk=da42605681389e81&rtk=1gqn3nn0ikc30800&from=rss",NA,NA,2593879,-1
904,"Director, AI Engineering (Artificial Intelligence) - Change Healthcare - West Virginia","https://www.indeed.com/viewjob?t=Director&c=Change+Healthcare&l=West+Virginia&jk=076e3ee4a966ffa3&rtk=1gqn3nn0ikc30800&from=rss",NA,NA,2593879,-1
905,"Supply Chain Data Scientist - Cardinal Health - West Virginia","https://www.indeed.com/viewjob?t=Supply+Chain+Data+Scientist&c=Cardinal+Health&l=West+Virginia&jk=a1084396e2ccf3b0&rtk=1gqn3nn0ikc30800&from=rss",NA,NA,2593879,-1
906,"CFD for Advanced Reactor Design: An exploration of machine learning methods - National Energy Technology Laboratory (NETL) - Morgantown, WV","https://www.indeed.com/viewjob?t=Cfd+Advanced+Reactor+Design&c=National+Energy+Technology+Laboratory&l=Morgantown,+WV&jk=395ccd6dc3fb4b87&rtk=1gqn3nn0ikc30800&from=rss",NA,NA,2593879,-1
907,"Data Scientist - WV Clinical & Translational Science Institute - Hybrid - Careers | West Virginia University - Morgantown, WV","https://www.indeed.com/viewjob?t=Data+Scientist&c=Careers+%7C+West+Virginia+University&l=Morgantown,+WV&jk=59d4262cd268891f&rtk=1gqn3nn0ikc30800&from=rss",NA,NA,2593879,-1
908,"Senior Manager AI Engineering (Artificial Intelligence) - Change Healthcare - Wyoming","https://www.indeed.com/viewjob?t=Senior+Manager+Ai+Engineering&c=Change+Healthcare&l=Wyoming&jk=0848f9d1f89d5fa6&rtk=1gqn3nn0ikc30800&from=rss",NA,NA,2593879,-1
909,"Senior Data Analyst – Claims Editing/CXT Cloud Operations - Change Healthcare - Wyoming","https://www.indeed.com/viewjob?t=Senior+Data+Analyst+Claim+Editing+Cxt+Cloud+Operation&c=Change+Healthcare&l=Wyoming&jk=990eff030d67b9fd&rtk=1gqn3nn0ikc30800&from=rss",NA,NA,2593879,-1
910,"Director, AI Engineering (Artificial Intelligence) - Change Healthcare - Wyoming","https://www.indeed.com/viewjob?t=Director&c=Change+Healthcare&l=Wyoming&jk=5775a612f6d27547&rtk=1gqn3nn0ikc30800&from=rss",NA,NA,2593879,-1
911,"Senior Data Analyst - William E. Wecker Associates, Inc. - Jackson, WY","https://www.indeed.com/viewjob?t=Senior+Data+Analyst&c=William+E.+Wecker+Associates&l=Jackson,+WY&jk=147dbd1a67c4e6e1&rtk=1gqn3nn0ikc30800&from=rss",NA,NA,2593879,-1
1012,"Director of Artificial Intelligence - Remote - USA - FullStack Labs - Charleston, WV","https://www.indeed.com/viewjob?t=Director+Artificial+Intelligence&c=FullStack+Labs&l=Charleston,+WV&jk=5c68ebf41f627e6a&rtk=1gqrhvf4fjr54800&from=rss",NA,NA,2593879,-1
1013,"Director of Artificial Intelligence - Remote - USA - FullStack Labs - Cheyenne, WY","https://www.indeed.com/viewjob?t=Director+Artificial+Intelligence&c=FullStack+Labs&l=Cheyenne,+WY&jk=7d6d41ae61fcb075&rtk=1gqrhvf4fjr54800&from=rss",NA,NA,2593879,-1
1014,"Mid-Senior Data Analyst - High Technology Foundation - Fairmont, WV","https://www.indeed.com/viewjob?t=Mid+Senior+Data+Analyst&c=High+Technology+Foundation&l=Fairmont,+WV&jk=eee7d4fce81dba00&rtk=1gqrhvf4fjr54800&from=rss",NA,NA,2593879,-1
1015,"Lead Data Scientist - Schneider - Green Bay, WI","https://www.indeed.com/viewjob?t=Lead+Data+Scientist&c=Schneider&l=Green+Bay,+WI&jk=98713425e1be1089&rtk=1gqrhvf4fjr54800&from=rss",NA,NA,2593879,-1
1016,"Geographer Data Scientist - Leidos - Morgantown, WV","https://www.indeed.com/viewjob?t=Geographer+Data+Scientist&c=Leidos&l=Morgantown,+WV&jk=685cbaf35f6924de&rtk=1gqrhvf4fjr54800&from=rss",NA,NA,2593879,-1
1017,"Sr Product Manager - AI/ML Software - Groq - Mount View, WI","https://www.indeed.com/viewjob?t=Senior+Product+Manager&c=Groq&l=Mount+View,+WI&jk=45ad95500078a43b&rtk=1gqrhvf4fjr54800&from=rss",NA,NA,2593879,-1
1018,"IT Data Scientist - Volm Companies - Wausau, WI","https://www.indeed.com/viewjob?t=IT+Data+Scientist&c=Volm+Companies&l=Wausau,+WI&jk=ae561962be58397e&rtk=1gqrhvf4fjr54800&from=rss",NA,NA,2593879,-1
1019,"Sentinel(GBSD) Data Scientist - 9200 - Northrop Grumman - Wyoming","https://www.indeed.com/viewjob?t=Sentinel+Data+Scientist&c=Northrop+Grumman&l=Wyoming&jk=5aa4b9fb1c987f18&rtk=1gqrhvf4fjr54800&from=rss",NA,NA,2593879,-1
1020,"IT Data Scientist - Volm Companies - Antigo, WI","https://www.indeed.com/viewjob?t=IT+Data+Scientist&c=Volm+Companies&l=Antigo,+WI&jk=54dbcd0f853e1e16&rtk=1gqrhvf4fjr54800&from=rss",NA,NA,2593879,-1
1021,"People Data Scientist - Cardinal Health - West Virginia","https://www.indeed.com/viewjob?t=People+Data+Scientist&c=Cardinal+Health&l=West+Virginia&jk=c1e247cc3397807e&rtk=1gqrhvf4fjr54800&from=rss",NA,NA,2593879,-1
1022,"Senior Manager AI Engineering (Artificial Intelligence) - Change Healthcare - West Virginia","https://www.indeed.com/viewjob?t=Senior+Manager+Ai+Engineering&c=Change+Healthcare&l=West+Virginia&jk=cf58258d9c88ccd1&rtk=1gqrhvf4fjr54800&from=rss",NA,NA,2593879,-1
1023,"Senior Data Analyst – Claims Editing/CXT Cloud Operations - Change Healthcare - West Virginia","https://www.indeed.com/viewjob?t=Senior+Data+Analyst+Claim+Editing+Cxt+Cloud+Operation&c=Change+Healthcare&l=West+Virginia&jk=da42605681389e81&rtk=1gqrhvf4fjr54800&from=rss",NA,NA,2593879,-1
1024,"Director, AI Engineering (Artificial Intelligence) - Change Healthcare - West Virginia","https://www.indeed.com/viewjob?t=Director&c=Change+Healthcare&l=West+Virginia&jk=076e3ee4a966ffa3&rtk=1gqrhvf4fjr54800&from=rss",NA,NA,2593879,-1
1025,"Supply Chain Data Scientist - Cardinal Health - West Virginia","https://www.indeed.com/viewjob?t=Supply+Chain+Data+Scientist&c=Cardinal+Health&l=West+Virginia&jk=a1084396e2ccf3b0&rtk=1gqrhvf4fjr54800&from=rss",NA,NA,2593879,-1
1026,"CFD for Advanced Reactor Design: An exploration of machine learning methods - National Energy Technology Laboratory (NETL) - Morgantown, WV","https://www.indeed.com/viewjob?t=Cfd+Advanced+Reactor+Design&c=National+Energy+Technology+Laboratory&l=Morgantown,+WV&jk=395ccd6dc3fb4b87&rtk=1gqrhvf4fjr54800&from=rss",NA,NA,2593879,-1
1027,"Data Scientist - WV Clinical & Translational Science Institute - Hybrid - Careers | West Virginia University - Morgantown, WV","https://www.indeed.com/viewjob?t=Data+Scientist&c=Careers+%7C+West+Virginia+University&l=Morgantown,+WV&jk=59d4262cd268891f&rtk=1gqrhvf4fjr54800&from=rss",NA,NA,2593879,-1
1028,"Senior Manager AI Engineering (Artificial Intelligence) - Change Healthcare - Wyoming","https://www.indeed.com/viewjob?t=Senior+Manager+Ai+Engineering&c=Change+Healthcare&l=Wyoming&jk=0848f9d1f89d5fa6&rtk=1gqrhvf4fjr54800&from=rss",NA,NA,2593879,-1
1029,"Senior Data Analyst – Claims Editing/CXT Cloud Operations - Change Healthcare - Wyoming","https://www.indeed.com/viewjob?t=Senior+Data+Analyst+Claim+Editing+Cxt+Cloud+Operation&c=Change+Healthcare&l=Wyoming&jk=990eff030d67b9fd&rtk=1gqrhvf4fjr54800&from=rss",NA,NA,2593879,-1
1030,"Director, AI Engineering (Artificial Intelligence) - Change Healthcare - Wyoming","https://www.indeed.com/viewjob?t=Director&c=Change+Healthcare&l=Wyoming&jk=5775a612f6d27547&rtk=1gqrhvf4fjr54800&from=rss",NA,NA,2593879,-1
1031,"Senior Data Analyst - William E. Wecker Associates, Inc. - Jackson, WY","https://www.indeed.com/viewjob?t=Senior+Data+Analyst&c=William+E.+Wecker+Associates&l=Jackson,+WY&jk=147dbd1a67c4e6e1&rtk=1gqrhvf4fjr54800&from=rss",NA,NA,2593879,-1
1118,"Data Scientist","https://www.linkedin.com/jobs/view/data-scientist-at-tech-mahindra-formerly-mahindra-satyam-3491963144","Tech Mahindra (formerly Mahindra Satyam)","Sunnyvale, CA",1001,-1
1402,"Data Scientist, Project Analytics","https://www.linkedin.com/jobs/view/data-scientist-project-analytics-at-apple-3511949151","Apple","Cupertino, CA",1001,-1
1403,"Data Scientist","https://www.linkedin.com/jobs/view/data-scientist-at-alkymi-3472865234","Alkymi","United States",1001,-1
1404,"Data Scientist","https://www.linkedin.com/jobs/view/data-scientist-at-kane-partners-llc-3485843952","Kane Partners LLC","Malvern, PA",1001,-1
1405,"Data Scientist","https://www.linkedin.com/jobs/view/data-scientist-at-cullerton-group-3503619833","Cullerton Group","Greater Philadelphia",1001,-1
1406,"Machine Learning Research Engineer","https://www.linkedin.com/jobs/view/machine-learning-research-engineer-at-neural-magic-3502119115","Neural Magic","Somerville, MA",1001,-1
1407,"Data Scientist","https://www.linkedin.com/jobs/view/data-scientist-at-spearhead-staffing-3495683678","Spearhead Staffing","United States",1001,-1
1408,"Machine Learning Engineer - Growth","https://www.linkedin.com/jobs/view/machine-learning-engineer-growth-at-reddit-inc-3518462399","Reddit, Inc.","United States",1001,-1
1409,"Data Scientist","https://www.linkedin.com/jobs/view/data-scientist-at-company-confidential-3496289608","Company Confidential","United States",1001,-1
1410,"Machine Learning Engineer","https://www.linkedin.com/jobs/view/machine-learning-engineer-at-zoom-3515907073","Zoom","San Francisco Bay Area",1001,-1
1411,"Data Scientist","https://www.linkedin.com/jobs/view/data-scientist-at-deleted-page-3512662000","Deleted Page","United States",1001,-1
1412,"Research Data Scientist","https://www.linkedin.com/jobs/view/research-data-scientist-at-mobi-systems-3493926415","Mobi Systems","Somerville, MA",1001,-1
1413,"Machine Learning Scientist/Engineer","https://www.linkedin.com/jobs/view/machine-learning-scientist-engineer-at-novodynamics-inc-3478369406","NovoDynamics, Inc.","Ann Arbor, MI",1001,-1
1414,"Healthcare Data Scientist","https://www.linkedin.com/jobs/view/healthcare-data-scientist-at-lawrence-harvey-3475297761","Lawrence Harvey","New York City Metropolitan Area",1001,-1
1415,"Machine Learning Engineer","https://www.linkedin.com/jobs/view/machine-learning-engineer-at-zoom-3515907074","Zoom","United States",1001,-1
1416,"Data Scientist","https://www.linkedin.com/jobs/view/data-scientist-at-found-3473970498","Found","New York, NY",1001,-1
1417,"Data Scientist I (REMOTE)","https://www.linkedin.com/jobs/view/data-scientist-i-remote-at-pekin-insurance-3487747882","Pekin Insurance","United States",1001,-1
1418,"Data Scientist","https://www.linkedin.com/jobs/view/data-scientist-at-mars-3518791895","Mars","Chicago, IL",1001,-1
1419,"Data Scientist (Skill Level 2)","https://www.linkedin.com/jobs/view/data-scientist-skill-level-2-at-lockheed-martin-3518578430","Lockheed Martin","Annapolis Junction, MD",1001,-1
1420,"Data Scientist - Machine Learning Engineer - Remote","https://www.linkedin.com/jobs/view/data-scientist-machine-learning-engineer-remote-at-the-cigna-group-3515774383","The Cigna Group","Bloomington, MN",1001,-1
1421,"Machine Learning Engineer","https://www.linkedin.com/jobs/view/machine-learning-engineer-at-highgear-inc-3498612346","HighGear, Inc.","Frederick, MD",1001,-1
1422,"IT Data Scientist","https://www.linkedin.com/jobs/view/it-data-scientist-at-mercedes-benz-usa-3481790700","Mercedes-Benz USA","Atlanta, GA",1001,-1
1423,"Data Scientist","https://www.linkedin.com/jobs/view/data-scientist-at-nextera-energy-inc-3491986486","NextEra Energy, Inc.","Juno Beach, FL",1001,-1
1424,"Junior Level Data Scientist(Remote)","https://www.linkedin.com/jobs/view/junior-level-data-scientist-remote-at-synergisticit-3481049171","SynergisticIT","Providence, RI",1001,-1
1425,"Data Scientist","https://www.linkedin.com/jobs/view/data-scientist-at-harvard-university-3497487260","Harvard University","Boston, MA",1001,-1
1426,"Data Scientist","https://www.linkedin.com/jobs/view/data-scientist-at-kanarys%E2%84%A2-3494770456","Kanarys™","Dallas, TX",1001,-1
1427,"Data Scientist","https://www.linkedin.com/jobs/view/data-scientist-at-exelon-3503151504","Exelon","Chicago, IL",1001,-1
1428,"Data Scientist","https://www.linkedin.com/jobs/view/data-scientist-at-atlas-3481695604","Atlas","United States",1001,-1
1429,"Data Scientist","https://www.linkedin.com/jobs/view/data-scientist-at-diverse-lynx-3497994419","Diverse Lynx","Bellevue, WA",1001,-1
1430,"Bioinformatics Data Scientist","https://www.linkedin.com/jobs/view/bioinformatics-data-scientist-at-blu-omega-3481952372","Blu Omega","Arlington, VA",1001,-1
1431,"Data Scientist","https://www.linkedin.com/jobs/view/data-scientist-at-seerist-3494781388","Seerist","Washington DC-Baltimore Area",1001,-1
1432,"Data Scientist - Lead Modeler","https://www.linkedin.com/jobs/view/data-scientist-lead-modeler-at-marketbridge-3496107592","MarketBridge","Washington, DC",1001,-1
1433,"Data Scientist","https://www.linkedin.com/jobs/view/data-scientist-at-diverse-lynx-3499577388","Diverse Lynx","Bellevue, WA",1001,-1
1434,"Machine Learning Engineer - Join Our AI Adventure!","https://www.linkedin.com/jobs/view/machine-learning-engineer-join-our-ai-adventure%21-at-arkavian-3479870263","Arkavian","Seattle, WA",1001,-1
1435,"Sr Data Scientist","https://www.linkedin.com/jobs/view/sr-data-scientist-at-jorie-healthcare-partners-llc-3490650347","Jorie Healthcare Partners LLC","Oak Brook, IL",1001,-1
1436,"MIddle Data Scientist / Machine Learning Engineer","https://www.linkedin.com/jobs/view/middle-data-scientist-machine-learning-engineer-at-parimatch-tech-3471235592","Parimatch Tech","United States",1001,-1
1437,"Data Scientist","https://www.linkedin.com/jobs/view/data-scientist-at-eimagine-3515767567","eimagine","Meridian Hills, IN",1001,-1
1438,"Data Scientist","https://www.linkedin.com/jobs/view/data-scientist-at-volitiion-iit-putting-intelligence-in-it-3492936657","Volitiion IIT - Putting Intelligence in IT","United States",1001,-1
1439,"Data Scientist (AI/ML)","https://www.linkedin.com/jobs/view/data-scientist-ai-ml-at-aes-clean-energy-3485359569","AES Clean Energy","Louisville, CO",1001,-1
1440,"Junior Data Scientist","https://www.linkedin.com/jobs/view/junior-data-scientist-at-cgi-3478350187","CGI","Arlington, VA",1001,-1
1441,"Machine Learning Engineer - REMOTE","https://www.linkedin.com/jobs/view/machine-learning-engineer-remote-at-caption-health-3491975082","Caption Health","United States",1001,-1
1442,"Data Scientist","https://www.linkedin.com/jobs/view/data-scientist-at-opensignal-3494436131","Opensignal","Boston, MA",1001,-1
1443,"Data Scientist / 100% Remote","https://www.linkedin.com/jobs/view/data-scientist-100%25-remote-at-motion-recruitment-3475833098","Motion Recruitment","Irvine, CA",1001,-1
1444,"Data Scientist","https://www.linkedin.com/jobs/view/data-scientist-at-fig-tech-3499105596","Fig Tech","New York, NY",1001,-1
1445,"Junior Data Scientist","https://www.linkedin.com/jobs/view/junior-data-scientist-at-cgi-technologies-corporation-3515750355","Cgi Technologies Corporation","Fort Myer Heights, VA",1001,-1
1446,"Machine Learning Engineer","https://www.linkedin.com/jobs/view/machine-learning-engineer-at-brooksource-3492429597","Brooksource","Marietta, GA",1001,-1
1447,"Data Scientist","https://www.linkedin.com/jobs/view/data-scientist-at-munich-re-3515737417","Munich Re","Hartford, CT",1001,-1
1448,"Data Scientist (Full Time Role Only)","https://www.linkedin.com/jobs/view/data-scientist-full-time-role-only-at-ksp-united-corporation-3494522898","KSP United Corporation","United States",1001,-1
1449,"Data Scientist - Fully Remote","https://www.linkedin.com/jobs/view/data-scientist-fully-remote-at-motion-recruitment-3483566140","Motion Recruitment","Northridge, CA",1001,-1
1450,"Data Scientist","https://www.linkedin.com/jobs/view/data-scientist-at-university-of-pennsylvania-3518540805","University of Pennsylvania","Philadelphia, PA",1001,-1
1451,"Data Scientist, Marketing & Sales","https://www.linkedin.com/jobs/view/data-scientist-marketing-sales-at-descript-3464888674","Descript","San Francisco, CA",1001,-1
1452,"Data Scientist - Data Analytics","https://www.linkedin.com/jobs/view/data-scientist-data-analytics-at-costco-it-3499360620","Costco IT","Dallas, TX",1001,-1
1453,"Data Scientist","https://www.linkedin.com/jobs/view/data-scientist%C2%A0-at-global-soft-systems-inc-3476243396","Global Soft Systems, Inc.","Bentonville, AR",1001,-1
1454,"Machine Learning Engineer","https://www.linkedin.com/jobs/view/machine-learning-engineer-at-flock-safety-3486026672","Flock Safety","United States",1001,-1
1455,"Data Scientist","https://www.linkedin.com/jobs/view/data-scientist-at-sustainment-3471877519","Sustainment","Austin, TX",1001,-1
1456,"Data Scientist (AI/ML)","https://www.linkedin.com/jobs/view/data-scientist-ai-ml-at-the-aes-corporation-3483190536","The AES Corporation","Louisville, CO",1001,-1
1457,"Senior Data Scientist","https://www.linkedin.com/jobs/view/senior-data-scientist-at-altamira-technologies-corporation-3503249503","Altamira Technologies Corporation","Northern, VA",1001,-1
1458,"Machine Learning Engineer","https://www.linkedin.com/jobs/view/machine-learning-engineer-at-versatech-inc-3480092280","VersaTech, Inc","United States",1001,-1
1459,"Data Scientist","https://www.linkedin.com/jobs/view/data-scientist-at-stellent-it-3457743850","Stellent IT","Stamford, CT",1001,-1
1460,"Expert-Level Data Scientist","https://www.linkedin.com/jobs/view/expert-level-data-scientist-at-ens-solutions-llc-3477475203","ENS Solutions, LLC","Chantilly, VA",1001,-1
1461,"Data scientist","https://www.linkedin.com/jobs/view/data-scientist-at-diverse-lynx-3474331277","Diverse Lynx","Dallas, TX",1001,-1
1462,"Data Scientist","https://www.linkedin.com/jobs/view/data-scientist-at-integrated-resources-inc-iri-3511713209","Integrated Resources, Inc ( IRI )","New York, NY",1001,-1
1463,"Entry Level Data Scientist","https://www.linkedin.com/jobs/view/entry-level-data-scientist-at-synergisticit-3489528277","SynergisticIT","Austin, TX",1001,-1
1464,"Data Scientist - Data Analytics","https://www.linkedin.com/jobs/view/data-scientist-data-analytics-at-costco-it-3499364276","Costco IT","Chicago, IL",1001,-1
1465,"Senior Data Scientist","https://www.linkedin.com/jobs/view/senior-data-scientist-at-vettafi-3515920104","VettaFi","United States",1001,-1
